{"eb6444f3-6eae-8092-8005-9eeafdbe821d":{"name":"primary-container","color":"#eaddff","opacity":1,"gradient":null,"path":"Remote / M3 / sys / light"},"eb6444f3-6eae-8092-8005-9eeafdbe821e":{"name":"on-primary-container","color":"#4f378a","opacity":1,"gradient":null,"path":"Remote / M3 / sys / light"},"eb6444f3-6eae-8092-8005-9eeafdbef2a1":{"name":"on-surface","color":"#1d1b20","opacity":1,"gradient":null,"path":"Remote / M3 / sys / light"},"eb6444f3-6eae-8092-8005-9eeafdbef2a2":{"name":"on-surface-variant","color":"#49454f","opacity":1,"gradient":null,"path":"Remote / M3 / sys / light"},"eb6444f3-6eae-8092-8005-9eeafdbfd4e9":{"name":"surface","color":"#fef7ff","opacity":1,"gradient":null,"path":"Remote / M3 / sys / light"},"eb6444f3-6eae-8092-8005-9eeafdc0d0d0":{"name":"primary","color":"#65558f","opacity":1,"gradient":null,"path":"Remote / M3 / sys / light"},"eb6444f3-6eae-8092-8005-9eeafdc20f30":{"name":"on-primary","color":"#ffffff","opacity":1,"gradient":null,"path":"Remote / M3 / sys / light"}}