{"eb6444f3-6eae-8092-8005-9eeafdc34251":{"textTransform":"none","fontFamily":"Roboto","fontStyle":"normal","fontWeight":"500","lineHeight":"1.5","path":"Remote / M3 / title","letterSpacing":"0.15000000596046448","name":"medium","fontVariantId":"500","fontSize":"16","fontId":"gfont-roboto"},"eb6444f3-6eae-8092-8005-9eeafdc47615":{"textTransform":"none","fontFamily":"Roboto","fontStyle":"normal","fontWeight":"400","lineHeight":"1.4285714285714286","path":"Remote / M3 / body","letterSpacing":"0.25","name":"medium","fontVariantId":"regular","fontSize":"14","fontId":"gfont-roboto"},"eb6444f3-6eae-8092-8005-9eeafdc5af3d":{"textTransform":"none","fontFamily":"Roboto","fontStyle":"normal","fontWeight":"400","lineHeight":"1.2727272727272727","path":"Remote / M3 / title","letterSpacing":"0","name":"large","fontVariantId":"regular","fontSize":"22","fontId":"gfont-roboto"},"eb6444f3-6eae-8092-8005-9eeafdc69f6b":{"textTransform":"none","fontFamily":"Roboto","fontStyle":"normal","fontWeight":"400","lineHeight":"1.5","path":"Remote / M3 / body","letterSpacing":"0.5","name":"large","fontVariantId":"regular","fontSize":"16","fontId":"gfont-roboto"},"eb6444f3-6eae-8092-8005-9eeafdc7df49":{"textTransform":"none","fontFamily":"Roboto","fontStyle":"normal","fontWeight":"500","lineHeight":"1.4285714285714286","path":"Remote / M3 / label","letterSpacing":"0.10000000149011612","name":"large","fontVariantId":"500","fontSize":"14","fontId":"gfont-roboto"}}